<?xml version="1.0" encoding="UTF-8"?>
<project-private xmlns="http://www.netbeans.org/ns/project-private/1">
    <editor-bookmarks xmlns="http://www.netbeans.org/ns/editor-bookmarks/2" lastBookmarkId="0"/>
    <open-files xmlns="http://www.netbeans.org/ns/projectui-open-files/2">
        <group name="PRJ301">
            <file>file:/C:/Users/thanh/Downloads/Group6_SWP391_SE1978_PHMS-hungndhe194555-feature-auth-admin/Group6_SWP391_SE1978_PHMS-hungndhe194555-feature-auth-admin/PHMS/src/java/model/Medicine.java</file>
            <file>file:/C:/Users/thanh/Downloads/Group6_SWP391_SE1978_PHMS-hungndhe194555-feature-auth-admin/Group6_SWP391_SE1978_PHMS-hungndhe194555-feature-auth-admin/PHMS/src/java/controller/MedicineController.java</file>
            <file>file:/C:/Users/thanh/Downloads/Group6_SWP391_SE1978_PHMS-hungndhe194555-feature-auth-admin/Group6_SWP391_SE1978_PHMS-hungndhe194555-feature-auth-admin/PHMS/web/list.jsp</file>
            <file>file:/C:/Users/thanh/Downloads/Group6_SWP391_SE1978_PHMS-hungndhe194555-feature-auth-admin/Group6_SWP391_SE1978_PHMS-hungndhe194555-feature-auth-admin/PHMS/src/java/daoimpl/MedicineDAOImpl.java</file>
            <file>file:/C:/Users/thanh/Downloads/Group6_SWP391_SE1978_PHMS-hungndhe194555-feature-auth-admin/Group6_SWP391_SE1978_PHMS-hungndhe194555-feature-auth-admin/PHMS/web/edit.jsp</file>
            <file>file:/C:/Users/thanh/Downloads/Group6_SWP391_SE1978_PHMS-hungndhe194555-feature-auth-admin/Group6_SWP391_SE1978_PHMS-hungndhe194555-feature-auth-admin/PHMS/src/java/util/DBUtil.java</file>
            <file>file:/C:/Users/thanh/Downloads/Group6_SWP391_SE1978_PHMS-hungndhe194555-feature-auth-admin/Group6_SWP391_SE1978_PHMS-hungndhe194555-feature-auth-admin/PHMS/web/add.jsp</file>
            <file>file:/C:/Users/thanh/Downloads/Group6_SWP391_SE1978_PHMS-hungndhe194555-feature-auth-admin/Group6_SWP391_SE1978_PHMS-hungndhe194555-feature-auth-admin/PHMS/src/java/dao/MedicineDAO.java</file>
            <file>file:/C:/Users/thanh/Downloads/Group6_SWP391_SE1978_PHMS-hungndhe194555-feature-auth-admin/Group6_SWP391_SE1978_PHMS-hungndhe194555-feature-auth-admin/PHMS/web/index.jsp</file>
            <file>file:/C:/Users/thanh/Downloads/Group6_SWP391_SE1978_PHMS-hungndhe194555-feature-auth-admin/Group6_SWP391_SE1978_PHMS-hungndhe194555-feature-auth-admin/PHMS/src/java/service/MedicineService.java</file>
            <file>file:/C:/Users/thanh/Downloads/Group6_SWP391_SE1978_PHMS-hungndhe194555-feature-auth-admin/Group6_SWP391_SE1978_PHMS-hungndhe194555-feature-auth-admin/PHMS/src/java/serviceimpl/MedicineServiceImpl.java</file>
        </group>
    </open-files>
</project-private>
